"name","mu formula","phi formula","looic","delta_looic","R2","best","elpd_diff","se_diff","elpd_loo","se_elpd_loo","p_loo","se_p_loo","se_looic"
"saturated","SalCatch | trials(RSE) ~ DeclSalEffHa_std + SuccessEff_std + mnflow_std + BaseFlowIdx_std + pRelease_std + (1 | RiverName) + (1 | Year)","phi ~ 1 + AreaHA_std",2947.58408979474,0,0.955024571228875,0,0,0,-1473.79204489737,17.8583509607651,29.8546929421473,3.38466468062525,35.7167019215301
"no BaseFlowIdx","SalCatch | trials(RSE) ~ DeclSalEffHa_std + SuccessEff_std + mnflow_std + pRelease_std + (1 | RiverName) + (1 | Year)","phi ~ 1 + AreaHA_std",2947.89536709327,0.311277298529149,0.9547666288227,1,-0.155638649264663,0.611603732641761,-1473.94768354663,17.9038824064467,30.2019004705257,3.42061998712659,35.8077648128933
"no BaseFlowIdx or AreaHA","SalCatch | trials(RSE) ~ DeclSalEffHa_std + SuccessEff_std + mnflow_std + pRelease_std + (1 | RiverName) + (1 | Year)","phi ~ 1",3011.16611327764,63.5820234829066,0.937120830116961,0,-31.7910117414529,7.42425022180224,-1505.58305663882,20.1120351388838,37.3841090038675,5.29750526766221,40.2240702777675
"no AreaHA","SalCatch | trials(RSE) ~ DeclSalEffHa_std + SuccessEff_std + mnflow_std + BaseFlowIdx_std + pRelease_std + (1 | RiverName) + (1 | Year)","phi ~ 1",3011.91662689072,64.3325370959869,0.938706731878532,0,-32.1662685479939,7.46348981773772,-1505.95831344536,20.140413282907,36.0889573775246,5.16346876329264,40.280826565814
"no BaseFlowIdx or AreaHA or mnflow","SalCatch | trials(RSE) ~ DeclSalEffHa_std + SuccessEff_std + pRelease_std + (1 | RiverName) + (1 | Year)","phi ~ 1",3027.18006731816,79.5959775234251,0.932438433276352,0,-39.7979887617121,11.1619956681511,-1513.59003365908,20.4609197564148,34.6854954549444,4.8506436997486,40.9218395128295
